n_monkeys,median_equity,p5_equity,p95_equity,algo_terminal_equity,elapsed_seconds
30000000,405007.21875,297763.28125,550532.5625,395006.84375,841.423547744751
